Workbook

Sheet Product_Master
A1: Product ID | B1: Product Name | C1: Category | D1: Price
A2: P001 | B2: Samsung TV | C2: Electronics | D2: 1057
A3: P002 | B3: HP Laptop | C3: Electronics | D3: 64001
A4: P003 | B4: Dell Monitor | C4: Electronics | D4: 42633
A5: P004 | B5: Lenovo Laptop | C5: Electronics | D5: 29752
A6: P005 | B6: iPhone | C6: Electronics | D6: 26712
A7: P006 | B7: OnePlus Phone | C7: Electronics | D7: 9188
A8: P007 | B8: Printer | C8: Electronics | D8: 66945
A9: P008 | B9: Projector | C9: Electronics | D9: 19669
A10: P009 | B10: Air Conditioner | C10: Electronics | D10: 48536
A11: P010 | B11: Refrigerator | C11: Electronics | D11: 66431
A12: P011 | B12: Washing Machine | C12: Electronics | D12: 9939
A13: P012 | B13: Microwave | C13: Electronics | D13: 56315
... A76: P075 | B76: Sports Bag | C76: Sports | D76: 39011

Sheet Sales_Data
A1: Order ID | B1: Order Date | C1: Product ID | D1: Region | E1: State | F1: City | G1: Salesperson | H1: Customer ID | I1: Quantity | J1: Discount % | K1: Sales | L1: Product name | M1: Price | N1: Performance Ctegory | O1: Zone | P1: Bonus | Q1: Category
A2: ORD000001 | B2: 05-09-2025 | C2: P057 | D2: South | E2: Telangana | F2: Hyderabad | G2: Neha | H2: CUST5690 | I2: 11 | J2: 15 | K2: 288643 | L2: =VLOOKUP(Sales_Data!C2,Product_Master!$A:$D,2,FALSE) -> Soft Drink | M2: =VLOOKUP(C2,Product_Master!$A:$D,4,FALSE) -> 30871 | N2: =IF(K2>15000,"HIGH",IF(K2>=5000,"MEDIUM","LOW")) -> HIGH | O2: {=_xlfn.IFS(D2="North","Zone 1",D2="South","Zone 2",D2="East","Zone 3",D2="West","Zone 4")} -> Zone 2 | P2: =IF(N2="HIGH",K2*10%,IF(N2="MEDIUM",K2*5%,K2*2%)) -> 28864.3 | Q2: =VLOOKUP(C2,Product_Master!$A:$D,3,FALSE) -> Grocery
A3: ORD000002 | B3: 03-01-2025 | C3: P032 | D3: East | E3: Bihar | F3: Patna | G3: Suman | H3: CUST7773 | I3: 11 | J3: 20 | K3: 78302 | L3: =VLOOKUP(Sales_Data!C3,Product_Master!$A:$D,2,FALSE) -> Women Kurti | M3: =VLOOKUP(C3,Product_Master!$A:$D,4,FALSE) -> 8898 | N3: =IF(K3>15000,"HIGH",IF(K3>=5000,"MEDIUM","LOW")) -> HIGH | O3: {=_xlfn.IFS(D3="North","Zone 1",D3="South","Zone 2",D3="East","Zone 3",D3="West","Zone 4")} -> Zone 3 | P3: =IF(N3="HIGH",K3*10%,IF(N3="MEDIUM",K3*5%,K3*2%)) -> 7830.2 | Q3: =VLOOKUP(C3,Product_Master!$A:$D,3,FALSE) -> Clothing
A4: ORD000003 | B4: 12-03-2026 | C4: P073 | D4: East | E4: West Bengal | F4: Kolkata | G4: Nikhil | H4: CUST3577 | I4: 7 | J4: 10 | K4: 223139 | L4: =VLOOKUP(Sales_Data!C4,Product_Master!$A:$D,2,FALSE) -> Knee Guard | M4: =VLOOKUP(C4,Product_Master!$A:$D,4,FALSE) -> 35419 | N4: =IF(K4>15000,"HIGH",IF(K4>=5000,"MEDIUM","LOW")) -> HIGH | O4: {=_xlfn.IFS(D4="North","Zone 1",D4="South","Zone 2",D4="East","Zone 3",D4="West","Zone 4")} -> Zone 3 | P4: =IF(N4="HIGH",K4*10%,IF(N4="MEDIUM",K4*5%,K4*2%)) -> 22313.9 | Q4: =VLOOKUP(C4,Product_Master!$A:$D,3,FALSE) -> Sports
A5: ORD000004 | B5: 09-01-2026 | C5: P032 | D5: North | E5: Uttar Pradesh | F5: Lucknow | G5: Nikhil | H5: CUST4572 | I5: 8 | J5: 20 | K5: 56947 | L5: =VLOOKUP(Sales_Data!C5,Product_Master!$A:$D,2,FALSE) -> Women Kurti | M5: =VLOOKUP(C5,Product_Master!$A:$D,4,FALSE) -> 8898 | N5: =IF(K5>15000,"HIGH",IF(K5>=5000,"MEDIUM","LOW")) -> HIGH | O5: {=_xlfn.IFS(D5="North","Zone 1",D5="South","Zone 2",D5="East","Zone 3",D5="West","Zone 4")} -> Zone 1 | P5: =IF(N5="HIGH",K5*10%,IF(N5="MEDIUM",K5*5%,K5*2%)) -> 5694.7 | Q5: =VLOOKUP(C5,Product_Master!$A:$D,3,FALSE) -> Clothing
A6: ORD000005 | B6: 01-12-2025 | C6: P071 | D6: West | E6: Maharashtra | F6: Mumbai | G6: Priya | H6: CUST7250 | I6: 5 | J6: 15 | K6: 145685 | L6: =VLOOKUP(Sales_Data!C6,Product_Master!$A:$D,2,FALSE) -> Football Shoes | M6: =VLOOKUP(C6,Product_Master!$A:$D,4,FALSE) -> 34279 | N6: =IF(K6>15000,"HIGH",IF(K6>=5000,"MEDIUM","LOW")) -> HIGH | O6: {=_xlfn.IFS(D6="North","Zone 1",D6="South","Zone 2",D6="East","Zone 3",D6="West","Zone 4")} -> Zone 4 | P6: =IF(N6="HIGH",K6*10%,IF(N6="MEDIUM",K6*5%,K6*2%)) -> 14568.5 | Q6: =VLOOKUP(C6,Product_Master!$A:$D,3,FALSE) -> Sports
A7: ORD000006 | B7: 12-05-2025 | C7: P027 | D7: South | E7: Karnataka | F7: Bengaluru | G7: Kiran | H7: CUST4763 | I7: 3 | J7: 5 | K7: 78945 | L7: =VLOOKUP(Sales_Data!C7,Product_Master!$A:$D,2,FALSE) -> Side Table | M7: =VLOOKUP(C7,Product_Master!$A:$D,4,FALSE) -> 27700 | N7: =IF(K7>15000,"HIGH",IF(K7>=5000,"MEDIUM","LOW")) -> HIGH | O7: {=_xlfn.IFS(D7="North","Zone 1",D7="South","Zone 2",D7="East","Zone 3",D7="West","Zone 4")} -> Zone 2 | P7: =IF(N7="HIGH",K7*10%,IF(N7="MEDIUM",K7*5%,K7*2%)) -> 7894.5 | Q7: =VLOOKUP(C7,Product_Master!$A:$D,3,FALSE) -> Furniture
A8: ORD000007 | B8: 16-06-2025 | C8: P071 | D8: West | E8: Rajasthan | F8: Jaipur | G8: Deepa | H8: CUST7252 | I8: 12 | J8: 10 | K8: 370213 | L8: =VLOOKUP(Sales_Data!C8,Product_Master!$A:$D,2,FALSE) -> Football Shoes | M8: =VLOOKUP(C8,Product_Master!$A:$D,4,FALSE) -> 34279 | N8: =IF(K8>15000,"HIGH",IF(K8>=5000,"MEDIUM","LOW")) -> HIGH | O8: {=_xlfn.IFS(D8="North","Zone 1",D8="South","Zone 2",D8="East","Zone 3",D8="West","Zone 4")} -> Zone 4 | P8: =IF(N8="HIGH",K8*10%,IF(N8="MEDIUM",K8*5%,K8*2%)) -> 37021.3 | Q8: =VLOOKUP(C8,Product_Master!$A:$D,3,FALSE) -> Sports
A9: ORD000008 | B9: 02-01-2025 | C9: P013 | D9: West | E9: Maharashtra | F9: Mumbai | G9: Suman | H9: CUST4082 | I9: 9 | J9: 10 | K9: 126457 | L9: =VLOOKUP(Sales_Data!C9,Product_Master!$A:$D,2,FALSE) -> Bluetooth Speaker | M9: =VLOOKUP(C9,Product_Master!$A:$D,4,FALSE) -> 15612 | N9: =IF(K9>15000,"HIGH",IF(K9>=5000,"MEDIUM","LOW")) -> HIGH | O9: {=_xlfn.IFS(D9="North","Zone 1",D9="South","Zone 2",D9="East","Zone 3",D9="West","Zone 4")} -> Zone 4 | P9: =IF(N9="HIGH",K9*10%,IF(N9="MEDIUM",K9*5%,K9*2%)) -> 12645.7 | Q9: =VLOOKUP(C9,Product_Master!$A:$D,3,FALSE) -> Electronics
A10: ORD000009 | B10: 21-08-2025 | C10: P028 | D10: South | E10: Karnataka | F10: Bengaluru | G10: Rohit | H10: CUST4476 | I10: 10 | J10: 0 | K10: 596400 | L10: =VLOOKUP(Sales_Data!C10,Product_Master!$A:$D,2,FALSE) -> Cupboard | M10: =VLOOKUP(C10,Product_Master!$A:$D,4,FALSE) -> 59640 | N10: =IF(K10>15000,"HIGH",IF(K10>=5000,"MEDIUM","LOW")) -> HIGH | O10: {=_xlfn.IFS(D10="North","Zone 1",D10="South","Zone 2",D10="East","Zone 3",D10="West","Zone 4")} -> Zone 2 | P10: =IF(N10="HIGH",K10*10%,IF(N10="MEDIUM",K10*5%,K10*2%)) -> 59640 | Q10: =VLOOKUP(C10,Product_Master!$A:$D,3,FALSE) -> Furniture
A11: ORD000010 | B11: 18-04-2026 | C11: P016 | D11: South | E11: Tamil Nadu | F11: Chennai | G11: Neha | H11: CUST5399 | I11: 11 | J11: 5 | K11: 452944 | L11: =VLOOKUP(Sales_Data!C11,Product_Master!$A:$D,2,FALSE) -> Office Chair | M11: =VLOOKUP(C11,Product_Master!$A:$D,4,FALSE) -> 43344 | N11: =IF(K11>15000,"HIGH",IF(K11>=5000,"MEDIUM","LOW")) -> HIGH | O11: {=_xlfn.IFS(D11="North","Zone 1",D11="South","Zone 2",D11="East","Zone 3",D11="West","Zone 4")} -> Zone 2 | P11: =IF(N11="HIGH",K11*10%,IF(N11="MEDIUM",K11*5%,K11*2%)) -> 45294.4 | Q11: =VLOOKUP(C11,Product_Master!$A:$D,3,FALSE) -> Furniture
A12: ORD000011 | B12: 03-10-2025 | C12: P045 | D12: South | E12: Tamil Nadu | F12: Chennai | G12: Sneha | H12: CUST8785 | I12: 5 | J12: 10 | K12: 325359 | L12: =VLOOKUP(Sales_Data!C12,Product_Master!$A:$D,2,FALSE) -> Dress | M12: =VLOOKUP(C12,Product_Master!$A:$D,4,FALSE) -> 72302 | N12: =IF(K12>15000,"HIGH",IF(K12>=5000,"MEDIUM","LOW")) -> HIGH | O12: {=_xlfn.IFS(D12="North","Zone 1",D12="South","Zone 2",D12="East","Zone 3",D12="West","Zone 4")} -> Zone 2 | P12: =IF(N12="HIGH",K12*10%,IF(N12="MEDIUM",K12*5%,K12*2%)) -> 32535.9 | Q12: =VLOOKUP(C12,Product_Master!$A:$D,3,FALSE) -> Clothing
A13: ORD000012 | B13: 31-07-2025 | C13: P005 | D13: East | E13: West Bengal | F13: Kolkata | G13: Nikhil | H13: CUST2851 | I13: 4 | J13: 15 | K13: 90820 | L13: =VLOOKUP(Sales_Data!C13,Product_Master!$A:$D,2,FALSE) -> iPhone | M13: =VLOOKUP(C13,Product_Master!$A:$D,4,FALSE) -> 26712 | N13: =IF(K13>15000,"HIGH",IF(K13>=5000,"MEDIUM","LOW")) -> HIGH | O13: {=_xlfn.IFS(D13="North","Zone 1",D13="South","Zone 2",D13="East","Zone 3",D13="West","Zone 4")} -> Zone 3 | P13: =IF(N13="HIGH",K13*10%,IF(N13="MEDIUM",K13*5%,K13*2%)) -> 9082 | Q13: =VLOOKUP(C13,Product_Master!$A:$D,3,FALSE) -> Electronics
... A10001: ORD010000 | B10001: 13-01-2025 | C10001: P063 | D10001: West | E10001: Maharashtra | F10001: Mumbai | G10001: Neha | H10001: CUST6233 | I10001: 5 | J10001: 15 | K10001: 121065 | L10001: =VLOOKUP(Sales_Data!C10001,Product_Master!$A:$D,2,FALSE) -> Basketball | M10001: =VLOOKUP(C10001,Product_Master!$A:$D,4,FALSE) -> 28486 | N10001: =IF(K10001>15000,"HIGH",IF(K10001>=5000,"MEDIUM","LOW")) -> HIGH | O10001: {=_xlfn.IFS(D10001="North","Zone 1",D10001="South","Zone 2",D10001="East","Zone 3",D10001="West","Zone 4")} -> Zone 4 | P10001: =IF(N10001="HIGH",K10001*10%,IF(N10001="MEDIUM",K10001*5%,K10001*2%)) -> 12106.5 | Q10001: =VLOOKUP(C10001,Product_Master!$A:$D,3,FALSE) -> Sports

Sheet Summary
A1: Category1 | B1: Total sales | C1: Region | D1: Category 2 | E1: Total sales | F1: Person | G1: Quantity sold | H1: category | I1: no.of Furniture orders | J1: Region | K1: count of orders
A2: Electronics | B2: =SUMIF(Sales_Data!Q:Q,A2,Sales_Data!K:K) -> 442384663 | C2: North | D2: Clothing | E2: =SUMIFS(Sales_Data!K:K,Sales_Data!Q:Q,"Clothing",Sales_Data!D:D,"North") -> 128049109 | F2: Amit | G2: =SUMIF(Sales_Data!G:G,F2,Sales_Data!I:I) -> 4277 | H2: Furniture | I2: =COUNTIF(Sales_Data!Q:Q,H2) -> 2002 | J2: south | K2: =COUNTIFS(Sales_Data!D:D,Summary!J2,Sales_Data!K:K,">5000") -> 2490

Sheet pivot_salesperson
A1: Sum of sales by salesperson
A3: Row Labels | B3: Sum of Sales
A4: Amit | B4: 155763602
A5: Arjun | B5: 156873551
A6: Deepa | B6: 144956574
A7: Kavya | B7: 169901335
A8: Kiran | B8: 137625669
A9: Neha | B9: 152139857
A10: Nikhil | B10: 151374990
A11: Pooja | B11: 162129708
A12: Priya | B12: 151810880
A13: Rahul | B13: 163146082
A14: Rakesh | B14: 160954897
A15: Rohit | B15: 164964153
... A18: Vijay | B18: 157325621
A19: (blank)
A20: Grand Total | B20: 2311027917

Sheet pivot_category
A1: sum of sales by category
A3: Row Labels | B3: Sum of Sales
A4: Clothing | B4: 505062395
A5: Electronics | B5: 442384663
A6: Furniture | B6: 486148672
A7: Grocery | B7: 409270898
A8: Sports | B8: 468161289
A9: (blank)
A10: Grand Total | B10: 2311027917

Sheet pivot__region
A1: Sum of sales by region
A3: Row Labels | B3: Sum of Sales
A4: East | B4: 584672651
A5: North | B5: 560981194
A6: South | B6: 575537470
A7: West | B7: 589836602
A8: (blank)
A9: Grand Total | B9: 2311027917
